Date,Headline,Food,Housing,Fuel
2022-01-01,100.0,100.0,100.0,100.0
2022-02-01,100.5,100.7,100.4,100.6
2022-03-01,101.0025,101.4049,100.8016,101.2036
2022-04-01,101.5075,102.1147,101.2048,101.8108
2022-05-01,102.0151,102.8295,101.6096,102.4217
2022-06-01,102.5251,103.5493,102.0161,103.0362
2022-07-01,103.0378,104.2742,102.4241,103.6544
2022-08-01,103.5529,105.0041,102.8338,104.2764
2022-09-01,104.0707,105.7391,103.2452,104.902
2022-10-01,104.5911,106.4793,103.6581,105.5314
2022-11-01,105.114,107.2247,104.0728,106.1646
2022-12-01,105.6396,107.9752,104.4891,106.8016
2023-01-01,106.1678,108.7311,104.907,107.4424
2023-02-01,106.6986,109.4922,105.3266,108.0871
2023-03-01,107.2321,110.2586,105.748,108.7356
2023-04-01,107.7683,111.0304,106.1709,109.388
2023-05-01,108.3071,111.8077,106.5956,110.0443
2023-06-01,108.8487,112.5903,107.022,110.7046
2023-07-01,109.3929,113.3784,107.4501,111.3688
2023-08-01,109.9399,114.1721,107.8799,112.037
2023-09-01,110.4896,114.9713,108.3114,112.7093
2023-10-01,111.042,115.7761,108.7447,113.3855
2023-11-01,111.5972,116.5865,109.1796,114.0658
2023-12-01,112.1552,117.4026,109.6164,114.7502
2024-01-01,112.716,118.2244,110.0548,115.4387
2024-02-01,113.2796,119.052,110.495,116.1314
2024-03-01,113.846,119.8854,110.937,116.8281
2024-04-01,114.4152,120.7246,111.3808,117.5291
2024-05-01,114.9873,121.5697,111.8263,118.2343
2024-06-01,115.5622,122.4206,112.2736,118.9437
2024-07-01,116.14,123.2776,112.7227,119.6574
2024-08-01,116.7207,124.1405,113.1736,120.3753
2024-09-01,117.3043,125.0095,113.6263,121.0976
2024-10-01,117.8908,125.8846,114.0808,121.8241
2024-11-01,118.4803,126.7658,114.5371,122.5551
2024-12-01,119.0727,127.6531,114.9953,123.2904
2025-01-01,119.6681,128.5467,115.4552,124.0302
2025-02-01,120.2664,129.4465,115.9171,124.7743
2025-03-01,120.8677,130.3527,116.3807,125.523
2025-04-01,121.4721,131.2651,116.8463,126.2761
2025-05-01,122.0794,132.184,117.3136,127.0338
2025-06-01,122.6898,133.1093,117.7829,127.796
2025-07-01,123.3033,134.041,118.254,128.5628
2025-08-01,123.9198,134.9793,118.727,129.3341
2025-09-01,124.5394,135.9242,119.202,130.1101
2025-10-01,125.1621,136.8756,119.6788,130.8908
2025-11-01,125.7879,137.8338,120.1575,131.6761
2025-12-01,126.4168,138.7986,120.6381,132.4662
